<!--SMIL session file-->
<!--Open your presentation, click "Load session" button and select this file.-->
<xml>
<event type="slide" id="0" time="0"/>
<event type="slide" id="1" time="1600"/>
<event type="li" id="el100" time="2593"/>
<event type="click" id="undefined" time="10"/>
<event type="li" id="el100" time="950"/>
<event type="click" id="undefined" time="0"/>
<event type="slide" id="3" time="11"/>
<event type="slide" id="4" time="2998"/>
<event type="slide" id="3" time="2248"/>
<event type="slide" id="2" time="2028"/>
<event type="slide" id="1" time="3356"/>
</xml>