<!--SMIL session file-->
<!--Open your presentation, click "Load session" button and select this file.-->
<xml>
<event type="slide" id="0" time="0"/>
<event type="slide" id="1" time="1424"/>
<event type="li" id="el100" time="2521"/>
<event type="click" id="undefined" time="10"/>
<event type="li" id="el100" time="1366"/>
<event type="click" id="undefined" time="0"/>
<event type="slide" id="3" time="11"/>
<event type="slide" id="0" time="3288"/>
<event type="slide" id="1" time="2570"/>
<event type="slide" id="0" time="1851"/>
</xml>